Min,Max,Median,Mean,Variance,StandardDeviation,AngularSecondMoment,Contrast,Correlation,Variance,Homogeneity,SumAverage,SumVariance,SumEntropy,Entropy,DifferenceVariance,DifferenceEntropy,InformationMeasureOfCorrelation1,InformationMeasureOfCorrelation2,NumberOfVesselPixels,VesselDensity,SumOfVesselsLength,GrayLevelCoefficientVariation
0.321569,0.898039,0.654902,0.628527,0.017870,0.133679,0.000932,125.419412,0.944408,1131.710294,0.158496,320.386601,4401.421764,7.754302,10.303254,0.000281,4.340658,-0.502437,0.999501,159.000000,0.155273,85.000000,0.203214
0.290196,0.843137,0.564706,0.583762,0.014230,0.119290,0.000919,168.124837,0.905351,893.289663,0.144403,297.156510,3405.033814,7.527397,10.305321,0.000267,4.515261,-0.457653,0.998880,181.000000,0.176758,82.000000,0.133900
0.184314,0.764706,0.541176,0.538051,0.014759,0.121489,0.000936,150.128431,0.921341,954.564350,0.156161,274.011674,3668.128971,7.638786,10.292151,0.000297,4.477331,-0.481477,0.999259,155.000000,0.151367,82.000000,0.220394
0.282353,0.733333,0.545098,0.542555,0.008734,0.093457,0.000989,176.829084,0.843470,564.889761,0.147088,276.297330,2082.729961,7.300912,10.220567,0.000294,4.529776,-0.417462,0.997707,187.000000,0.182617,100.000000,0.154432
0.231373,0.725490,0.482353,0.490518,0.012445,0.111558,0.001012,120.558614,0.924254,796.091106,0.170718,249.461710,3063.805808,7.548988,10.204558,0.000374,4.239499,-0.472690,0.999090,181.000000,0.176758,78.000000,0.173378
0.184314,0.596078,0.396078,0.384107,0.011066,0.105196,0.001105,64.017852,0.954243,701.433367,0.173605,195.360725,2741.715617,7.315194,10.060368,0.000490,3.962779,-0.442932,0.998353,136.000000,0.132812,74.000000,0.201098
0.341176,0.831373,0.611765,0.604400,0.008087,0.089927,0.001077,102.450206,0.899678,511.357020,0.157185,308.100148,1942.977872,7.272195,10.095340,0.000321,4.214500,-0.424171,0.997802,133.000000,0.129883,82.000000,0.136933
0.047059,0.478431,0.262745,0.267107,0.006912,0.083138,0.001297,35.823963,0.959017,438.288410,0.198305,134.709547,1717.329676,7.214085,9.853601,0.000720,3.638960,-0.435115,0.997867,81.000000,0.079102,42.000000,0.281007
0.360784,0.886275,0.623529,0.618428,0.011583,0.107626,0.001061,106.196166,0.926715,726.756891,0.184179,314.935094,2800.831399,7.485588,10.143526,0.000343,4.095003,-0.468937,0.998980,170.000000,0.166016,80.000000,0.160550
0.305882,0.996078,0.678431,0.665522,0.028101,0.167632,0.000810,254.804866,0.928430,1784.059468,0.140259,338.604798,6881.433007,7.991019,10.474106,0.000198,4.748178,-0.542496,0.999792,189.000000,0.184570,80.000000,0.169424
0.141176,0.521569,0.345098,0.347197,0.008143,0.090238,0.001210,70.025624,0.932906,523.017868,0.189762,176.490570,2022.045846,7.177419,9.979681,0.000545,4.025778,-0.416824,0.997292,184.000000,0.179688,89.000000,0.166219
0.215686,0.811765,0.568627,0.549380,0.015063,0.122731,0.000920,198.392495,0.898161,973.962448,0.141340,279.638853,3697.457298,7.630635,10.290322,0.000280,4.494842,-0.476809,0.999201,156.000000,0.152344,74.000000,0.246225
0.356863,0.972549,0.729412,0.714729,0.016363,0.127920,0.001080,58.242919,0.971810,1036.267497,0.199795,364.588067,4086.827070,7.691013,10.103612,0.000362,3.800595,-0.520618,0.999581,69.000000,0.067383,32.000000,0.111717
0.133333,0.650980,0.407843,0.412527,0.011806,0.108656,0.000932,114.469417,0.922126,739.812040,0.142814,209.914445,2844.778745,7.505183,10.284126,0.000355,4.334710,-0.454460,0.998799,137.000000,0.133789,73.000000,0.270597
0.227451,0.800000,0.541176,0.551302,0.014167,0.119025,0.000962,194.907933,0.892423,907.768182,0.149078,280.156762,3436.164795,7.581361,10.262055,0.000267,4.596237,-0.473787,0.999139,182.000000,0.177734,95.000000,0.197987
0.133333,0.992157,0.729412,0.671392,0.038300,0.195703,0.000862,196.112009,0.959189,2417.593678,0.143042,342.629861,9474.262704,8.046595,10.380200,0.000227,4.521865,-0.561394,0.999847,67.000000,0.065430,35.000000,0.297992
0.247059,0.619608,0.470588,0.462707,0.005183,0.071990,0.001289,60.284494,0.907241,325.835794,0.170532,235.946239,1243.058683,7.015055,9.871372,0.000482,3.930114,-0.382975,0.995312,147.000000,0.143555,89.000000,0.157726
0.239216,0.807843,0.572549,0.565089,0.012193,0.110423,0.000914,157.992903,0.897859,775.187402,0.133501,287.905819,2942.756703,7.542659,10.299507,0.000280,4.477052,-0.459385,0.998920,159.000000,0.155273,81.000000,0.220518
0.156863,0.537255,0.329412,0.341039,0.009154,0.095676,0.000937,100.483432,0.913403,581.666514,0.143160,173.371911,2226.182623,7.289744,10.249911,0.000423,4.284344,-0.405207,0.997226,174.000000,0.169922,88.000000,0.176637
0.168627,0.694118,0.407843,0.420221,0.014835,0.121801,0.000916,112.368870,0.939748,935.254666,0.164308,213.743626,3628.649793,7.632254,10.293791,0.000360,4.290450,-0.480842,0.999247,208.000000,0.203125,99.000000,0.251280
0.133333,0.800000,0.560784,0.537661,0.021467,0.146517,0.000913,156.030421,0.943418,1378.918698,0.162990,273.478213,5359.644371,7.834639,10.319225,0.000295,4.432517,-0.523208,0.999665,132.000000,0.128906,68.000000,0.262367
0.101961,0.466667,0.247059,0.262079,0.006722,0.081989,0.001096,75.129374,0.911773,426.516829,0.149938,132.717677,1630.937943,7.103221,10.077076,0.000526,4.123073,-0.383399,0.995693,178.000000,0.173828,88.000000,0.192974
0.294118,0.894118,0.631373,0.632544,0.014290,0.119542,0.000944,123.025754,0.931788,901.510858,0.160949,322.252992,3483.017678,7.622143,10.261489,0.000296,4.230069,-0.484930,0.999293,115.000000,0.112305,55.000000,0.154782
0.258824,0.709804,0.513725,0.512374,0.009236,0.096102,0.000949,135.440467,0.884034,584.354656,0.146728,260.955491,2201.978156,7.350357,10.247272,0.000324,4.395882,-0.423631,0.997952,176.000000,0.171875,87.000000,0.155046
0.247059,0.878431,0.576471,0.584521,0.022763,0.150875,0.000822,181.251146,0.937626,1456.529239,0.150233,297.005325,5644.865810,7.925949,10.431092,0.000268,4.453383,-0.525731,0.999703,143.000000,0.139648,67.000000,0.233208
0.239216,0.898039,0.643137,0.615579,0.022332,0.149439,0.000875,182.199743,0.936759,1440.878315,0.147880,312.998488,5581.313516,7.832851,10.366858,0.000245,4.530239,-0.518380,0.999643,167.000000,0.163086,82.000000,0.197322
0.098039,0.501961,0.337255,0.335727,0.007238,0.085075,0.001299,32.655307,0.963952,455.287671,0.207857,170.707954,1788.495378,7.199517,9.847092,0.000729,3.571021,-0.436491,0.997888,70.000000,0.068359,36.000000,0.228958
0.156863,0.611765,0.380392,0.384949,0.011740,0.108353,0.001050,86.624041,0.941981,749.508245,0.166310,195.829426,2911.408939,7.406638,10.161319,0.000415,4.178600,-0.447039,0.998528,189.000000,0.184570,89.000000,0.179176
0.250980,0.639216,0.450980,0.452872,0.005266,0.072564,0.001301,47.792965,0.926944,328.459542,0.180735,230.836799,1266.045205,6.982716,9.850808,0.000493,3.810530,-0.382723,0.995207,74.000000,0.072266,42.000000,0.116083
0.192157,0.823529,0.560784,0.559762,0.016308,0.127702,0.000791,257.433801,0.876325,1042.563154,0.122556,284.631057,3912.818814,7.695796,10.466650,0.000224,4.791537,-0.476275,0.999276,211.000000,0.206055,107.000000,0.203707
0.101961,0.670588,0.478431,0.460355,0.012865,0.113423,0.001097,66.541501,0.959003,814.529645,0.177991,234.634406,3191.577077,7.516879,10.085967,0.000453,3.947742,-0.485472,0.999212,52.000000,0.050781,25.000000,0.307139
0.403922,0.819608,0.635294,0.634383,0.006240,0.078993,0.001408,50.270039,0.935822,392.992647,0.220653,323.742383,1521.700548,7.135399,9.765618,0.000486,3.607084,-0.437485,0.997862,118.000000,0.115234,65.000000,0.131833
0.400000,0.909804,0.678431,0.687531,0.011460,0.107052,0.001101,44.911746,0.968308,712.538294,0.200860,350.428167,2805.241432,7.473790,10.066167,0.000388,3.724804,-0.473161,0.998998,77.000000,0.075195,41.000000,0.117367
0.258824,0.796078,0.549020,0.534153,0.014129,0.118865,0.000977,104.867529,0.940652,886.890164,0.187094,272.116976,3442.693129,7.610995,10.230579,0.000358,4.177893,-0.486283,0.999293,184.000000,0.179688,89.000000,0.197017
0.219608,0.752941,0.584314,0.575827,0.006483,0.080515,0.001257,63.092303,0.921360,403.838994,0.180824,293.457889,1552.263675,7.120989,9.889998,0.000423,3.897659,-0.414053,0.997089,92.000000,0.089844,65.000000,0.163574
0.211765,0.623529,0.443137,0.433992,0.008306,0.091135,0.001056,95.423420,0.909443,529.111396,0.172319,220.956669,2021.022163,7.307392,10.129478,0.000419,4.194686,-0.419006,0.997627,193.000000,0.188477,88.000000,0.183098
0.141176,0.674510,0.425490,0.413113,0.012232,0.110599,0.000968,84.023064,0.945204,770.032545,0.165829,210.043176,2996.107115,7.562799,10.239692,0.000395,4.112847,-0.460876,0.998901,140.000000,0.136719,73.000000,0.256083
0.258824,0.705882,0.478431,0.488285,0.008158,0.090323,0.001128,93.474912,0.909407,516.665494,0.184354,248.434931,1973.187063,7.246489,10.053731,0.000416,4.095268,-0.422653,0.997684,154.000000,0.150391,62.000000,0.117634
0.176471,0.600000,0.396078,0.401930,0.008959,0.094651,0.001061,78.069345,0.931334,569.110456,0.170022,204.618464,2198.372479,7.349881,10.123214,0.000460,4.091501,-0.433583,0.998133,156.000000,0.152344,79.000000,0.207503
0.149020,0.764706,0.498039,0.492348,0.014457,0.120239,0.000921,125.241830,0.932296,926.190601,0.163706,250.880683,3579.520574,7.674095,10.297197,0.000338,4.304793,-0.490115,0.999367,214.000000,0.208984,94.000000,0.251607
0.137255,0.619608,0.368627,0.377734,0.011473,0.107113,0.000907,119.951954,0.918415,735.987135,0.142952,191.759707,2823.996586,7.473745,10.311589,0.000353,4.400776,-0.443999,0.998597,187.000000,0.182617,92.000000,0.234061
0.188235,0.647059,0.435294,0.440231,0.007716,0.087838,0.000975,155.822369,0.841578,492.911763,0.133631,223.884024,1815.824682,7.217648,10.224373,0.000318,4.532772,-0.394246,0.996657,238.000000,0.232422,119.000000,0.161643
0.184314,0.643137,0.427451,0.438905,0.009459,0.097256,0.000897,157.724132,0.869164,603.764182,0.127261,223.118805,2257.332598,7.343353,10.314693,0.000309,4.551824,-0.412635,0.997639,227.000000,0.221680,110.000000,0.157442
0.211765,0.721569,0.466667,0.470569,0.010859,0.104205,0.000956,137.008674,0.901130,693.966841,0.145648,239.179281,2638.858689,7.474501,10.262624,0.000313,4.420331,-0.450848,0.998716,188.000000,0.183594,81.000000,0.180576
0.121569,0.560784,0.349020,0.340866,0.007312,0.085508,0.001175,43.240594,0.952668,458.036741,0.183119,173.166192,1788.906369,7.223165,9.970402,0.000559,3.777431,-0.428321,0.997794,100.000000,0.097656,62.000000,0.257149
0.152941,0.662745,0.443137,0.434858,0.008186,0.090479,0.001130,69.178826,0.931646,509.396610,0.186681,221.796135,1968.407616,7.314091,10.053456,0.000468,3.969990,-0.437602,0.998167,121.000000,0.118164,66.000000,0.197423
0.290196,0.807843,0.576471,0.584015,0.012174,0.110338,0.001008,127.143381,0.917234,770.857477,0.163877,297.270104,2956.286528,7.480245,10.198897,0.000315,4.326213,-0.458675,0.998823,163.000000,0.159180,85.000000,0.154817
0.176471,0.698039,0.396078,0.419317,0.017688,0.132998,0.000912,95.801907,0.957431,1127.338066,0.163463,212.824101,4413.550355,7.650071,10.297705,0.000375,4.189333,-0.486830,0.999324,154.000000,0.150391,77.000000,0.210179
0.160784,0.552941,0.368627,0.368857,0.007368,0.085839,0.001041,96.111139,0.896876,466.802320,0.157788,187.401624,1771.098143,7.228489,10.132826,0.000452,4.204453,-0.407665,0.997173,195.000000,0.190430,87.000000,0.203943
0.274510,0.694118,0.505882,0.502738,0.007414,0.086105,0.001038,90.225294,0.903044,466.339008,0.153598,256.094230,1775.130738,7.219451,10.146246,0.000370,4.183827,-0.407480,0.997198,111.000000,0.108398,60.000000,0.145229
0.282353,0.847059,0.560784,0.572836,0.011232,0.105980,0.000935,224.336092,0.838130,697.120959,0.142375,291.478749,2564.147746,7.444787,10.286079,0.000253,4.612490,-0.442809,0.998544,202.000000,0.197266,94.000000,0.127737
0.203922,0.839216,0.533333,0.530170,0.016272,0.127562,0.000832,202.989822,0.901260,1030.425713,0.136765,269.563248,3918.713029,7.697845,10.419424,0.000223,4.697413,-0.479224,0.999292,218.000000,0.212891,108.000000,0.229397
0.207843,0.819608,0.556863,0.558820,0.017203,0.131158,0.000956,113.550550,0.948379,1101.412972,0.175060,284.619163,4292.101339,7.716588,10.271020,0.000331,4.237445,-0.505405,0.999517,196.000000,0.191406,89.000000,0.205490
0.192157,0.674510,0.478431,0.481441,0.008857,0.094113,0.001154,142.423281,0.875058,570.724431,0.155053,244.847108,2140.474443,7.155633,10.044876,0.000362,4.343354,-0.423031,0.997690,209.000000,0.204102,85.000000,0.167300
0.058824,0.415686,0.231373,0.227279,0.006727,0.082017,0.001104,61.556110,0.928564,431.330189,0.163651,114.812272,1663.764645,7.110786,10.048991,0.000637,3.990051,-0.387063,0.995914,153.000000,0.149414,72.000000,0.375844
0.341176,0.807843,0.596078,0.595401,0.010233,0.101159,0.001121,55.153502,0.956686,639.127622,0.189834,303.460572,2501.356986,7.441867,10.056556,0.000402,3.863480,-0.465048,0.998856,121.000000,0.118164,69.000000,0.181391
0.078431,0.596078,0.294118,0.315571,0.012817,0.113211,0.001002,72.879886,0.955203,814.983719,0.156703,159.987651,3187.054991,7.506122,10.189184,0.000432,4.093621,-0.464699,0.998939,134.000000,0.130859,72.000000,0.267941
0.525490,0.976471,0.756863,0.756499,0.008073,0.089849,0.001227,129.833588,0.870589,503.511058,0.196178,385.876268,1884.210645,7.284308,9.975148,0.000322,4.129497,-0.448660,0.998409,122.000000,0.119141,74.000000,0.105897
0.443137,0.988235,0.760784,0.752145,0.011859,0.108900,0.001086,58.539558,0.960261,739.111380,0.189900,383.462767,2897.905963,7.540454,10.097508,0.000335,3.870758,-0.486963,0.999238,127.000000,0.124023,76.000000,0.146398
0.160784,0.627451,0.396078,0.393516,0.008737,0.093472,0.001126,78.698329,0.927282,543.300902,0.173879,200.650559,2094.505278,7.339683,10.079750,0.000461,4.045877,-0.441797,0.998296,137.000000,0.133789,70.000000,0.223280
0.235294,0.650980,0.447059,0.443658,0.008925,0.094474,0.001058,75.605359,0.933129,566.666925,0.174754,225.866318,2191.062342,7.311891,10.116832,0.000431,4.086046,-0.428097,0.997958,177.000000,0.172852,93.000000,0.172743
0.164706,0.745098,0.533333,0.510892,0.013306,0.115352,0.000993,97.141097,0.942070,840.673030,0.155005,260.495789,3265.551022,7.541440,10.203265,0.000344,4.215680,-0.474748,0.999120,104.000000,0.101562,57.000000,0.298839
0.094118,0.419608,0.266667,0.267214,0.005370,0.073280,0.001233,46.264186,0.932474,343.180117,0.172717,135.320036,1326.456284,7.019739,9.908832,0.000684,3.835661,-0.385095,0.995523,145.000000,0.141602,75.000000,0.238598
0.286275,0.650980,0.490196,0.494654,0.005653,0.075185,0.001166,84.335840,0.882828,360.646922,0.165006,252.021389,1358.251848,6.998468,9.982801,0.000416,4.125816,-0.378122,0.995215,141.000000,0.137695,74.000000,0.104217
0.141176,0.643137,0.462745,0.446741,0.011278,0.106196,0.001020,136.330206,0.906476,729.318853,0.164725,227.143991,2780.945207,7.459513,10.196753,0.000371,4.378947,-0.453460,0.998728,171.000000,0.166992,75.000000,0.227299
0.243137,0.788235,0.527451,0.521124,0.012569,0.112112,0.001124,45.676159,0.970862,786.270804,0.199115,265.494480,3099.407059,7.588627,10.055665,0.000433,3.758886,-0.495062,0.999324,131.000000,0.127930,70.000000,0.241071
0.117647,0.733333,0.454902,0.463748,0.015976,0.126398,0.000904,125.020535,0.937831,1008.502574,0.155579,235.555834,3908.989762,7.687995,10.328371,0.000308,4.400978,-0.486579,0.999345,216.000000,0.210938,99.000000,0.240210
0.168627,0.631373,0.419608,0.418727,0.009848,0.099239,0.001016,82.643503,0.933617,623.679984,0.158154,213.185793,2412.076433,7.366106,10.159866,0.000408,4.157671,-0.436496,0.998262,156.000000,0.152344,84.000000,0.225849
0.243137,0.784314,0.533333,0.533858,0.015454,0.124313,0.000868,181.768487,0.907830,987.515112,0.144264,271.341945,3768.291963,7.648651,10.367414,0.000274,4.550184,-0.476605,0.999234,198.000000,0.193359,96.000000,0.171402
0.250980,0.772549,0.549020,0.547220,0.011926,0.109205,0.000871,188.384406,0.874967,755.489519,0.136291,278.815988,2833.573669,7.526632,10.352787,0.000260,4.615390,-0.451686,0.998802,219.000000,0.213867,102.000000,0.171580
0.239216,0.745098,0.564706,0.550693,0.008419,0.091756,0.001117,153.035900,0.857022,536.228693,0.167426,280.571638,1991.878870,7.275306,10.092033,0.000352,4.354981,-0.431157,0.998032,155.000000,0.151367,74.000000,0.159858
0.125490,0.466667,0.290196,0.287944,0.006102,0.078113,0.001282,40.330182,0.947946,388.126843,0.198794,145.584182,1512.177190,7.114487,9.868551,0.000721,3.693226,-0.412146,0.996944,115.000000,0.112305,57.000000,0.209777
0.250980,0.909804,0.627451,0.632663,0.019903,0.141078,0.000893,183.880138,0.928181,1281.533955,0.163930,322.024893,4942.255681,7.806100,10.331790,0.000287,4.392951,-0.519618,0.999643,169.000000,0.165039,76.000000,0.223541
0.360784,1.000000,0.796078,0.775605,0.016815,0.129674,0.000945,288.251211,0.866281,1078.957598,0.146326,395.485765,4027.579181,7.629428,10.282479,0.000220,4.656493,-0.487314,0.999332,183.000000,0.178711,84.000000,0.165354
0.215686,0.745098,0.509804,0.507104,0.014798,0.121649,0.000967,103.435232,0.945366,947.538228,0.177151,257.859221,3686.717680,7.627343,10.231075,0.000383,4.154023,-0.488965,0.999323,146.000000,0.142578,73.000000,0.191824
0.121569,0.572549,0.349020,0.340679,0.009400,0.096952,0.001127,47.862659,0.959132,587.536791,0.173611,173.119830,2302.284506,7.366082,10.037889,0.000543,3.822655,-0.450788,0.998533,103.000000,0.100586,62.000000,0.326800
0.309804,0.686275,0.533333,0.524020,0.005366,0.073252,0.001286,52.483017,0.922375,338.712178,0.174119,266.919607,1302.365694,7.008000,9.870473,0.000442,3.892880,-0.392571,0.995913,147.000000,0.143555,88.000000,0.127353
0.203922,0.690196,0.474510,0.479297,0.009477,0.097350,0.000941,199.489269,0.835433,606.911438,0.137015,243.705255,2228.156483,7.361822,10.282548,0.000292,4.614432,-0.421635,0.997935,230.000000,0.224609,97.000000,0.173963
0.403922,0.972549,0.694118,0.692708,0.015527,0.124607,0.000885,197.351465,0.898346,973.366414,0.152762,352.912632,3696.114191,7.687817,10.341002,0.000246,4.461497,-0.488858,0.999370,168.000000,0.164062,79.000000,0.136750
0.215686,0.615686,0.447059,0.441402,0.009021,0.094977,0.001179,69.788493,0.939519,577.898616,0.186431,224.785453,2241.805971,7.297000,10.004410,0.000481,4.004691,-0.437767,0.998136,136.000000,0.132812,67.000000,0.170279
0.431373,1.000000,0.905882,0.873610,0.014683,0.121175,0.002077,228.176712,0.877381,932.489368,0.179978,445.793078,3501.780758,7.107713,9.694646,0.000264,4.418945,-0.452780,0.998264,132.000000,0.128906,71.000000,0.136944
0.156863,0.639216,0.341176,0.363875,0.014127,0.118856,0.001010,85.954922,0.951615,892.199622,0.169069,184.619106,3482.843564,7.503916,10.186284,0.000410,4.140912,-0.457353,0.998773,129.000000,0.125977,71.000000,0.230271
0.349020,0.992157,0.690196,0.675195,0.023729,0.154042,0.000775,228.266617,0.924585,1516.358862,0.135173,343.680379,5837.168830,7.921584,10.508634,0.000189,4.764764,-0.526944,0.999726,214.000000,0.208984,108.000000,0.174356
0.145098,0.541176,0.352941,0.362875,0.006889,0.082999,0.001101,87.663989,0.899416,436.617046,0.159293,184.560321,1658.804193,7.121694,10.079393,0.000445,4.215941,-0.387338,0.996032,184.000000,0.179688,95.000000,0.186245
0.329412,0.823529,0.560784,0.564652,0.011635,0.107865,0.001099,101.269039,0.931237,738.875136,0.190006,287.452312,2854.231503,7.495941,10.110873,0.000365,4.114310,-0.471107,0.998999,173.000000,0.168945,79.000000,0.155891
0.047059,0.635294,0.356863,0.341238,0.014202,0.119173,0.000948,68.286632,0.962096,902.480974,0.164877,173.010243,3541.637265,7.650041,10.255192,0.000423,4.059737,-0.483680,0.999271,143.000000,0.139648,83.000000,0.361646
0.380392,0.905882,0.662745,0.660386,0.012315,0.110972,0.000971,71.976278,0.952973,767.345448,0.168972,336.647925,2997.405512,7.557301,10.219265,0.000320,4.030214,-0.469694,0.999050,80.000000,0.078125,43.000000,0.122272
0.101961,0.639216,0.360784,0.360819,0.011271,0.106167,0.000933,113.151364,0.920247,711.199798,0.144424,183.343335,2731.647829,7.511769,10.284054,0.000358,4.347142,-0.454929,0.998820,220.000000,0.214844,102.000000,0.280683
0.090196,0.368627,0.207843,0.211972,0.003372,0.058067,0.001495,39.156152,0.905859,208.974555,0.192695,106.428118,796.742067,6.716036,9.660032,0.000865,3.704471,-0.337153,0.989703,150.000000,0.146484,69.000000,0.233240
0.250980,0.870588,0.600000,0.582219,0.019632,0.140113,0.000819,218.451426,0.913429,1262.651310,0.132235,296.168030,4832.153815,7.820678,10.436342,0.000223,4.686403,-0.504360,0.999560,215.000000,0.209961,98.000000,0.202605
0.266667,0.776471,0.552941,0.550203,0.010107,0.100532,0.000931,150.872342,0.882234,642.018420,0.144988,279.983408,2417.201339,7.433799,10.274714,0.000296,4.418068,-0.438147,0.998398,189.000000,0.184570,98.000000,0.158867
0.258824,0.717647,0.525490,0.518267,0.010370,0.101832,0.000943,192.826052,0.854904,665.080892,0.138734,263.838506,2467.497518,7.430013,10.275915,0.000280,4.605178,-0.434585,0.998326,203.000000,0.198242,91.000000,0.155651
0.286275,0.780392,0.564706,0.569424,0.012378,0.111255,0.001075,79.739936,0.949136,785.790978,0.192073,290.090384,3063.423975,7.501693,10.113287,0.000387,4.035805,-0.479029,0.999132,135.000000,0.131836,66.000000,0.175864
0.227451,0.690196,0.521569,0.512898,0.009258,0.096218,0.001074,102.020755,0.914044,594.819225,0.173157,261.009162,2277.256145,7.329531,10.124754,0.000377,4.231230,-0.432938,0.998114,198.000000,0.193359,104.000000,0.189721
0.392157,1.000000,0.847059,0.824583,0.019549,0.139819,0.001468,327.377049,0.869849,1258.644962,0.161764,420.634642,4707.202799,7.470387,10.037011,0.000209,4.802082,-0.479879,0.999113,198.000000,0.193359,92.000000,0.122911
0.125490,0.525490,0.317647,0.317758,0.008229,0.090715,0.001207,43.998488,0.957587,520.007829,0.192329,161.329783,2036.032826,7.278154,9.965283,0.000625,3.757730,-0.436805,0.998068,90.000000,0.087891,44.000000,0.256876
0.164706,0.666667,0.439216,0.434237,0.011985,0.109477,0.001024,67.583279,0.955585,762.653033,0.171329,220.749967,2983.028854,7.551815,10.170433,0.000440,3.983122,-0.473976,0.999084,98.000000,0.095703,48.000000,0.213094
0.098039,0.462745,0.298039,0.289147,0.006021,0.077596,0.001314,39.906478,0.946575,375.361206,0.180816,146.944508,1461.538346,7.066944,9.850290,0.000676,3.730539,-0.405180,0.996585,61.000000,0.059570,33.000000,0.330974
0.345098,0.996078,0.749020,0.739568,0.013621,0.116707,0.000982,124.611887,0.926454,850.862574,0.156893,376.841514,3278.838409,7.607344,10.224141,0.000264,4.280506,-0.484402,0.999266,150.000000,0.146484,94.000000,0.160180
0.443137,0.858824,0.650980,0.657851,0.007735,0.087948,0.001279,72.293883,0.925209,484.319825,0.202394,335.770942,1864.985417,7.239223,9.906155,0.000412,3.814246,-0.439797,0.998085,108.000000,0.105469,51.000000,0.079815
0.160784,0.639216,0.439216,0.433498,0.009679,0.098382,0.001063,87.663209,0.927765,608.346039,0.164499,220.932476,2345.720949,7.376904,10.117982,0.000405,4.161409,-0.444755,0.998458,117.000000,0.114258,53.000000,0.218946
0.247059,0.701961,0.431373,0.450211,0.010379,0.101878,0.001042,76.916379,0.940808,651.431702,0.183664,229.024681,2528.810429,7.410347,10.141297,0.000405,4.070001,-0.450428,0.998601,192.000000,0.187500,102.000000,0.176102
0.168627,0.819608,0.552941,0.532096,0.018040,0.134315,0.000914,176.222189,0.924158,1161.973253,0.148205,270.880130,4471.670823,7.747166,10.329557,0.000275,4.490888,-0.502418,0.999508,144.000000,0.140625,69.000000,0.241480
0.294118,0.847059,0.603922,0.598579,0.017084,0.130708,0.000930,130.557452,0.940173,1093.701008,0.153284,304.571044,4244.246580,7.653403,10.286302,0.000291,4.323194,-0.494863,0.999415,164.000000,0.160156,71.000000,0.182511
0.164706,0.619608,0.407843,0.399885,0.008685,0.093195,0.001093,70.330539,0.935566,547.554457,0.169013,203.611741,2119.887289,7.334406,10.088723,0.000450,4.023995,-0.433130,0.998094,149.000000,0.145508,78.000000,0.254774
0.172549,0.627451,0.439216,0.431897,0.007871,0.088718,0.000967,166.058167,0.835234,504.312905,0.131756,219.699686,1851.193453,7.241911,10.247071,0.000318,4.563524,-0.397023,0.996849,233.000000,0.227539,115.000000,0.158967
0.207843,0.670588,0.447059,0.455549,0.010279,0.101384,0.000949,126.017625,0.903841,655.462893,0.150960,232.166542,2495.833947,7.431269,10.251941,0.000353,4.354431,-0.439843,0.998449,176.000000,0.171875,82.000000,0.186920
0.156863,0.694118,0.423529,0.429201,0.016011,0.126535,0.000946,74.633528,0.963146,1016.724337,0.161742,218.242415,3992.263821,7.663200,10.257234,0.000395,4.064999,-0.488341,0.999329,106.000000,0.103516,51.000000,0.208022
0.094118,0.584314,0.370588,0.361926,0.011309,0.106342,0.000943,102.291038,0.929183,724.032893,0.146356,183.923875,2793.840533,7.475559,10.263106,0.000382,4.318359,-0.439907,0.998448,175.000000,0.170898,93.000000,0.251552
0.392157,0.968627,0.645098,0.655316,0.018015,0.134222,0.000888,156.476936,0.931102,1137.072061,0.152647,333.664388,4391.811307,7.745152,10.334072,0.000260,4.308931,-0.506448,0.999544,151.000000,0.147461,64.000000,0.115667
0.203922,0.737255,0.482353,0.488844,0.013940,0.118066,0.000866,153.049436,0.913971,890.425725,0.140282,248.487570,3408.653464,7.597447,10.365849,0.000297,4.476016,-0.465970,0.999074,212.000000,0.207031,88.000000,0.166471
0.160784,0.439216,0.282353,0.285666,0.003259,0.057088,0.001603,35.180094,0.914686,206.607552,0.214724,144.873805,791.250115,6.712893,9.572852,0.000819,3.611242,-0.351957,0.991405,121.000000,0.118164,77.000000,0.153767
0.121569,0.572549,0.388235,0.383092,0.009833,0.099159,0.001126,62.618797,0.949944,626.889628,0.191002,194.672712,2444.939714,7.393213,10.044318,0.000562,3.893391,-0.455763,0.998653,92.000000,0.089844,41.000000,0.260872
0.270588,0.905882,0.592157,0.600988,0.016624,0.128933,0.000904,152.272462,0.928122,1060.518458,0.156905,306.374049,4089.801372,7.720495,10.320872,0.000279,4.335822,-0.500677,0.999490,195.000000,0.190430,86.000000,0.173387
0.239216,0.705882,0.501961,0.506078,0.009252,0.096190,0.001100,121.999943,0.896960,592.621727,0.171495,258.147023,2248.486963,7.299703,10.108155,0.000347,4.318286,-0.432000,0.998059,231.000000,0.225586,108.000000,0.151068
0.223529,0.741176,0.517647,0.508785,0.012563,0.112083,0.001004,105.665705,0.934445,806.107747,0.164200,259.055322,3118.765283,7.537435,10.213549,0.000350,4.240561,-0.472064,0.999087,168.000000,0.164062,87.000000,0.192648
0.188235,0.643137,0.380392,0.390142,0.010729,0.103580,0.001218,29.176037,0.978212,672.221433,0.210510,198.365521,2659.709694,7.424793,9.932410,0.000613,3.493558,-0.477010,0.998990,66.000000,0.064453,34.000000,0.197355
0.090196,0.603922,0.388235,0.381039,0.012051,0.109779,0.000985,109.960555,0.928938,774.477598,0.169586,193.419501,2987.949838,7.554281,10.218750,0.000432,4.212071,-0.469256,0.999036,149.000000,0.145508,68.000000,0.308025
0.203922,0.752941,0.501961,0.494321,0.012639,0.112421,0.000966,114.968742,0.926812,788.551190,0.158088,252.179249,3039.236018,7.571140,10.234744,0.000349,4.211415,-0.474972,0.999139,174.000000,0.169922,81.000000,0.218810
0.274510,0.725490,0.549020,0.541291,0.011162,0.105651,0.001109,88.439524,0.938064,714.903403,0.170896,275.586490,2771.174089,7.367396,10.088670,0.000374,4.161274,-0.450219,0.998570,198.000000,0.193359,91.000000,0.193585
0.215686,0.745098,0.490196,0.487377,0.009866,0.099330,0.001058,69.713962,0.943670,620.712288,0.179641,248.141170,2413.135189,7.422132,10.117423,0.000412,3.965794,-0.455526,0.998711,149.000000,0.145508,80.000000,0.176029
0.141176,0.423529,0.266667,0.271297,0.004128,0.064246,0.001477,38.432387,0.926685,262.794218,0.203731,137.385739,1012.744485,6.817550,9.677816,0.000798,3.675602,-0.360975,0.992751,152.000000,0.148438,77.000000,0.167234
0.231373,0.709804,0.478431,0.469665,0.009389,0.096895,0.001180,56.296013,0.951506,583.864471,0.201170,239.411388,2279.161872,7.370314,9.980929,0.000487,3.771786,-0.465188,0.998777,99.000000,0.096680,51.000000,0.220334
0.152941,0.517647,0.349020,0.343363,0.006695,0.081820,0.001368,30.365204,0.963683,419.497687,0.218738,174.734790,1647.625542,7.158739,9.799312,0.000731,3.537636,-0.432287,0.997703,82.000000,0.080078,51.000000,0.243562
0.384314,1.000000,0.786275,0.765755,0.020628,0.143623,0.000829,317.091205,0.879446,1315.457389,0.136405,390.042770,4944.738350,7.785588,10.413876,0.000208,4.676002,-0.505486,0.999559,182.000000,0.177734,75.000000,0.151974
0.254902,0.992157,0.776471,0.739158,0.024777,0.157407,0.000880,272.154079,0.915556,1610.309756,0.141839,376.966612,6169.084945,7.875484,10.364628,0.000216,4.660721,-0.533238,0.999732,148.000000,0.144531,67.000000,0.229857
0.270588,0.823529,0.568627,0.552455,0.016920,0.130078,0.001036,73.722343,0.965599,1073.482683,0.181894,281.343848,4220.208388,7.634823,10.159159,0.000369,4.013913,-0.504834,0.999466,150.000000,0.146484,81.000000,0.234326
0.176471,0.588235,0.384314,0.381997,0.009117,0.095481,0.001006,84.966506,0.925977,575.146111,0.159614,194.040957,2215.617938,7.336418,10.178691,0.000436,4.159055,-0.425691,0.997950,126.000000,0.123047,56.000000,0.178091
0.270588,0.756863,0.533333,0.530978,0.012602,0.112257,0.000991,121.508780,0.924303,803.841412,0.163279,270.168883,3093.856869,7.488368,10.227378,0.000317,4.349947,-0.455076,0.998779,196.000000,0.191406,101.000000,0.140298
0.145098,0.529412,0.333333,0.328765,0.006949,0.083360,0.001133,74.009560,0.916568,444.054384,0.164767,167.208425,1702.207976,7.163916,10.030015,0.000502,4.074526,-0.400575,0.996695,152.000000,0.148438,82.000000,0.224526
0.094118,0.513725,0.258824,0.274809,0.007778,0.088191,0.001108,67.623626,0.930407,487.441037,0.161362,138.956222,1882.140521,7.170697,10.057704,0.000495,4.071976,-0.398187,0.996561,156.000000,0.152344,85.000000,0.220033
0.156863,0.588235,0.384314,0.385198,0.006782,0.082350,0.001327,50.891105,0.939663,423.700729,0.200181,196.070459,1643.911812,7.139265,9.863239,0.000568,3.808204,-0.426693,0.997590,146.000000,0.142578,79.000000,0.213925
0.243137,0.698039,0.470588,0.471389,0.011869,0.108945,0.001043,53.699889,0.963931,746.086015,0.181739,239.908234,2930.644172,7.477211,10.131614,0.000441,3.894686,-0.463673,0.998879,72.000000,0.070312,40.000000,0.149404
0.333333,1.000000,0.694118,0.703929,0.025273,0.158975,0.000778,210.184191,0.934420,1606.841308,0.137360,358.616537,6217.181042,7.932662,10.483835,0.000226,4.531955,-0.527138,0.999724,203.000000,0.198242,88.000000,0.145806
0.211765,0.764706,0.505882,0.517153,0.015276,0.123595,0.000913,132.834718,0.931400,970.346168,0.155031,263.169639,3748.549953,7.642402,10.326370,0.000300,4.407451,-0.481457,0.999274,167.000000,0.163086,82.000000,0.208466
0.258824,0.917647,0.643137,0.632571,0.019885,0.141013,0.000834,169.842498,0.932730,1265.493260,0.146926,322.506048,4892.130542,7.848159,10.422361,0.000230,4.566814,-0.513665,0.999626,168.000000,0.164062,93.000000,0.235290
0.286275,0.831373,0.513725,0.534065,0.014576,0.120730,0.000811,209.795916,0.886774,928.279495,0.126331,271.095165,3503.322065,7.612247,10.437137,0.000226,4.700868,-0.461044,0.999036,214.000000,0.208984,93.000000,0.139793
0.149020,0.737255,0.466667,0.461589,0.017633,0.132791,0.000881,108.989627,0.951387,1124.920381,0.157335,234.583669,4390.691896,7.761906,10.344208,0.000335,4.285718,-0.502527,0.999514,124.000000,0.121094,57.000000,0.266054
0.270588,0.854902,0.537255,0.543892,0.016766,0.129483,0.000969,90.008951,0.957219,1055.588901,0.185673,277.040786,4132.346653,7.730982,10.233767,0.000353,4.043845,-0.508773,0.999530,136.000000,0.132812,67.000000,0.202980
0.227451,0.733333,0.525490,0.514074,0.011838,0.108802,0.001133,58.936671,0.960275,744.119701,0.188357,261.983822,2917.542132,7.490960,10.050850,0.000451,3.875078,-0.481158,0.999117,100.000000,0.097656,55.000000,0.229571
0.239216,0.678431,0.486275,0.480266,0.010829,0.104064,0.001091,76.769023,0.944468,691.700165,0.184109,244.372464,2690.031638,7.443595,10.091175,0.000446,3.999445,-0.464128,0.998863,129.000000,0.125977,57.000000,0.162186
0.101961,0.690196,0.439216,0.421557,0.013605,0.116641,0.001057,52.518096,0.969305,858.266063,0.187727,214.339832,3380.546155,7.626438,10.133554,0.000470,3.830397,-0.500977,0.999417,122.000000,0.119141,66.000000,0.297173
0.360784,0.768627,0.564706,0.571040,0.007008,0.083713,0.001240,54.298558,0.937791,437.696281,0.203131,291.088311,1696.486564,7.182668,9.916540,0.000439,3.837620,-0.418089,0.997290,165.000000,0.161133,90.000000,0.110887
0.403922,0.992157,0.749020,0.733483,0.011768,0.108482,0.000999,171.221774,0.885970,751.960691,0.154101,373.819735,2836.620992,7.474677,10.217898,0.000252,4.404096,-0.463842,0.998949,143.000000,0.139648,83.000000,0.140354
0.235294,0.725490,0.478431,0.483479,0.011551,0.107474,0.000939,92.104335,0.936499,726.915048,0.157716,246.110448,2815.555855,7.513768,10.248103,0.000367,4.162818,-0.462730,0.998945,146.000000,0.142578,78.000000,0.197385
0.200000,0.643137,0.439216,0.427129,0.008157,0.090314,0.001073,112.582678,0.891706,520.646680,0.158050,217.703857,1970.004042,7.284222,10.124138,0.000384,4.274024,-0.419669,0.997674,159.000000,0.155273,75.000000,0.202167
0.098039,0.431373,0.264706,0.266782,0.003884,0.062322,0.001243,76.700816,0.844208,246.779990,0.156806,135.528096,910.419144,6.834250,9.918194,0.000567,4.125277,-0.329426,0.989698,136.000000,0.132812,70.000000,0.188186
0.082353,0.658824,0.341176,0.346825,0.014140,0.118910,0.000883,97.409973,0.945211,891.039904,0.148935,176.169664,3466.749643,7.644052,10.331835,0.000357,4.262425,-0.476242,0.999212,112.000000,0.109375,66.000000,0.332262
0.172549,0.705882,0.482353,0.455568,0.015797,0.125687,0.000941,88.598733,0.955399,995.430575,0.150938,231.968335,3893.123565,7.609167,10.265501,0.000358,4.190908,-0.484221,0.999284,124.000000,0.121094,62.000000,0.260195
0.101961,0.505882,0.305882,0.307043,0.007911,0.088942,0.001009,80.413851,0.919940,503.028146,0.154872,155.500886,1931.698731,7.264361,10.176159,0.000494,4.135796,-0.410047,0.997347,133.000000,0.129883,68.000000,0.219689
0.282353,0.854902,0.600000,0.600498,0.013314,0.115385,0.000967,141.203369,0.916358,845.558157,0.169905,305.898332,3241.029261,7.616952,10.242368,0.000313,4.304378,-0.482463,0.999253,152.000000,0.148438,74.000000,0.158451
0.286275,0.682353,0.501961,0.506353,0.007689,0.087686,0.001293,77.495033,0.920123,487.954945,0.201681,257.969376,1874.324745,7.168730,9.895318,0.000476,3.930967,-0.432175,0.997783,149.000000,0.145508,61.000000,0.117028
0.129412,0.678431,0.376471,0.391280,0.012451,0.111584,0.000912,125.214807,0.919255,778.192196,0.147323,198.623073,2987.553976,7.526608,10.297216,0.000343,4.347845,-0.464276,0.999003,194.000000,0.189453,87.000000,0.272737
0.227451,0.850980,0.584314,0.565939,0.014663,0.121091,0.000917,158.819304,0.914291,928.594108,0.144248,288.522397,3555.557126,7.625895,10.319058,0.000257,4.503681,-0.482498,0.999287,182.000000,0.177734,108.000000,0.241709
0.235294,0.878431,0.627451,0.610428,0.021375,0.146202,0.000854,174.993439,0.937042,1389.615833,0.152688,311.158047,5383.469892,7.846657,10.385645,0.000252,4.530660,-0.517176,0.999642,175.000000,0.170898,85.000000,0.195692
0.109804,0.505882,0.329412,0.324663,0.006471,0.080440,0.001244,40.880146,0.950135,410.927763,0.193947,164.793306,1602.830907,7.180878,9.903263,0.000653,3.726438,-0.425026,0.997579,152.000000,0.148438,85.000000,0.246647
0.094118,0.643137,0.368627,0.359723,0.013818,0.117549,0.000928,82.909266,0.951934,866.238981,0.158766,182.624049,3382.046657,7.636982,10.284182,0.000401,4.152653,-0.478623,0.999214,129.000000,0.125977,67.000000,0.354319
0.294118,0.992157,0.643137,0.637129,0.020513,0.143222,0.000792,223.828531,0.914309,1309.400061,0.128845,323.814337,5013.771711,7.864818,10.467749,0.000200,4.680728,-0.508606,0.999598,225.000000,0.219727,109.000000,0.208527
0.113725,0.643137,0.352941,0.345672,0.012649,0.112466,0.001057,52.354359,0.967009,796.525555,0.195901,175.270332,3133.747859,7.560529,10.120255,0.000505,3.819967,-0.484207,0.999213,141.000000,0.137695,75.000000,0.314577
0.203922,0.717647,0.466667,0.480293,0.013396,0.115743,0.000871,127.964523,0.925015,854.272473,0.144969,244.675842,3289.125369,7.581497,10.352613,0.000341,4.317942,-0.459973,0.998964,145.000000,0.141602,63.000000,0.174215
0.152941,0.623529,0.403922,0.404247,0.010243,0.101209,0.001098,89.450190,0.929977,641.751487,0.173197,205.694174,2477.555759,7.428159,10.111977,0.000442,4.143713,-0.447730,0.998506,130.000000,0.126953,71.000000,0.214636
0.462745,0.956863,0.735294,0.720447,0.011745,0.108376,0.000990,118.148909,0.920730,746.165259,0.155914,367.784103,2866.512128,7.459356,10.206311,0.000284,4.196365,-0.456585,0.998788,147.000000,0.143555,75.000000,0.103150
0.156863,0.517647,0.325490,0.326268,0.005339,0.073070,0.001412,46.812654,0.929863,334.786523,0.205431,165.936630,1292.333438,7.006757,9.772129,0.000693,3.714661,-0.400529,0.996175,165.000000,0.161133,67.000000,0.177785
0.325490,0.850980,0.623529,0.612848,0.008209,0.090605,0.001218,88.321223,0.913609,512.866824,0.204804,312.260983,1963.146074,7.292021,9.970248,0.000392,3.947355,-0.453774,0.998532,141.000000,0.137695,62.000000,0.116099
0.137255,0.639216,0.415686,0.406162,0.009640,0.098186,0.001009,94.636390,0.921279,603.079470,0.151672,206.481148,2317.681490,7.387769,10.188445,0.000390,4.207539,-0.441114,0.998420,149.000000,0.145508,75.000000,0.251035
0.243137,0.992157,0.682353,0.662745,0.026092,0.161530,0.000791,277.382642,0.917482,1682.065838,0.129543,336.953775,6450.880709,7.986397,10.478937,0.000194,4.773565,-0.535411,0.999763,251.000000,0.245117,110.000000,0.226119
0.156863,0.796078,0.572549,0.533077,0.021979,0.148253,0.000877,182.692126,0.935815,1423.781580,0.139501,271.112310,5512.434192,7.830326,10.376559,0.000260,4.561088,-0.507800,0.999570,213.000000,0.208008,85.000000,0.222945
0.223529,0.831373,0.552941,0.552922,0.018445,0.135814,0.000823,220.024592,0.908033,1196.747014,0.132002,281.676598,4566.963464,7.774888,10.439391,0.000216,4.755441,-0.494924,0.999477,269.000000,0.262695,108.000000,0.197554
0.454902,1.000000,0.796078,0.788909,0.014156,0.118978,0.001063,99.734887,0.943031,878.984823,0.188014,402.634308,3416.204405,7.595745,10.141876,0.000320,4.042196,-0.495231,0.999357,150.000000,0.146484,90.000000,0.138497
0.274510,1.000000,0.752941,0.725490,0.022745,0.150815,0.000885,200.526738,0.930488,1447.165740,0.146479,369.576572,5588.136221,7.885372,10.377540,0.000215,4.604852,-0.520382,0.999661,103.000000,0.100586,56.000000,0.242486
0.129412,0.490196,0.333333,0.324196,0.006569,0.081047,0.001267,49.803899,0.940387,418.411914,0.177172,164.612415,1623.843759,7.101818,9.886715,0.000602,3.864880,-0.409198,0.996880,122.000000,0.119141,73.000000,0.287632
0.152941,0.670588,0.494118,0.484321,0.009997,0.099985,0.001159,101.119919,0.920712,638.567067,0.183647,246.790038,2453.148348,7.323939,10.036450,0.000423,4.164930,-0.443112,0.998341,138.000000,0.134766,65.000000,0.258128
0.270588,0.666667,0.505882,0.504691,0.006642,0.081498,0.001210,104.059614,0.875094,418.029952,0.162193,257.390080,1568.060194,7.130812,9.971990,0.000406,4.166813,-0.406054,0.996859,148.000000,0.144531,70.000000,0.142360
0.290196,0.827451,0.541176,0.554952,0.012716,0.112767,0.000935,158.207531,0.899648,792.527683,0.146381,282.216978,3011.903200,7.449206,10.277316,0.000284,4.410962,-0.446797,0.998626,131.000000,0.127930,59.000000,0.097394
0.223529,0.803922,0.580392,0.556683,0.016029,0.126606,0.001005,86.661225,0.957423,1019.176084,0.162528,283.503317,3990.043110,7.670573,10.187594,0.000354,4.070791,-0.503710,0.999471,122.000000,0.119141,56.000000,0.234078
0.380392,0.882353,0.635294,0.635842,0.011415,0.106841,0.001046,58.462726,0.958997,714.993779,0.185007,323.986611,2801.512389,7.494751,10.138659,0.000360,3.916354,-0.472753,0.999046,102.000000,0.099609,57.000000,0.128321
0.282353,0.905882,0.627451,0.626145,0.014674,0.121138,0.000926,180.468457,0.904488,945.690861,0.162218,318.529104,3602.294985,7.635408,10.304477,0.000259,4.494197,-0.478348,0.999224,167.000000,0.163086,82.000000,0.184810
0.164706,0.741176,0.411765,0.434513,0.016235,0.127417,0.000882,138.996927,0.931587,1018.570264,0.142568,220.548729,3935.284129,7.674260,10.350050,0.000316,4.373387,-0.480848,0.999277,191.000000,0.186523,88.000000,0.247119
0.458824,1.000000,0.788235,0.776532,0.015680,0.125219,0.000923,120.648364,0.938868,988.878842,0.165481,395.881195,3834.867003,7.674434,10.293751,0.000255,4.301690,-0.489986,0.999368,152.000000,0.148438,89.000000,0.141648
0.200000,0.878431,0.611765,0.600831,0.020677,0.143796,0.000797,268.494643,0.899220,1334.140385,0.130255,305.428240,5068.066896,7.845519,10.461657,0.000211,4.794021,-0.502921,0.999555,226.000000,0.220703,109.000000,0.195769
0.105882,0.462745,0.290196,0.288377,0.005946,0.077111,0.001371,42.062077,0.944868,381.953456,0.201588,146.249854,1485.751746,7.097397,9.794757,0.000717,3.729800,-0.418599,0.997155,138.000000,0.134766,76.000000,0.242017
0.266667,0.709804,0.521569,0.520244,0.007009,0.083718,0.001111,120.493074,0.865246,447.526089,0.167475,265.102302,1669.611283,7.189752,10.067998,0.000362,4.269154,-0.406192,0.997028,148.000000,0.144531,75.000000,0.130917
0.301961,0.839216,0.615686,0.615571,0.012541,0.111985,0.001033,101.117066,0.936412,795.360739,0.178135,313.568500,3080.325890,7.538049,10.152304,0.000349,4.118860,-0.478549,0.999143,132.000000,0.128906,67.000000,0.154105
0.164706,0.576471,0.349020,0.357418,0.008192,0.090512,0.001155,64.903136,0.936799,514.916721,0.180818,181.859074,1994.763748,7.235757,10.012194,0.000521,3.949542,-0.422610,0.997579,172.000000,0.167969,79.000000,0.169514
0.117647,0.541176,0.298039,0.306108,0.009164,0.095727,0.001127,46.374041,0.960169,583.359978,0.186786,154.773267,2287.065871,7.335567,10.033499,0.000578,3.809698,-0.443936,0.998347,108.000000,0.105469,64.000000,0.267522
0.368627,1.000000,0.735294,0.705676,0.020198,0.142121,0.001036,88.272755,0.965730,1289.375440,0.170008,359.447491,5069.229007,7.732699,10.165936,0.000291,4.115060,-0.522460,0.999614,167.000000,0.163086,96.000000,0.185536
0.172549,0.552941,0.333333,0.351405,0.007976,0.089309,0.001198,53.931135,0.946252,503.069679,0.190368,178.781356,1958.347579,7.167207,9.951587,0.000561,3.882303,-0.418513,0.997376,117.000000,0.114258,66.000000,0.134140
0.227451,1.000000,0.745098,0.729799,0.018753,0.136942,0.000879,266.648933,0.885855,1172.009622,0.143980,372.338189,4421.389553,7.708998,10.350231,0.000222,4.601503,-0.494501,0.999434,140.000000,0.136719,65.000000,0.167934
0.200000,0.650980,0.423529,0.420002,0.008599,0.092733,0.001005,113.850847,0.895364,546.085948,0.149959,213.386406,2070.492944,7.342733,10.204277,0.000357,4.318749,-0.419048,0.997737,229.000000,0.223633,112.000000,0.190132
0.207843,0.658824,0.423529,0.425123,0.011220,0.105925,0.001040,77.377528,0.945967,717.515689,0.181074,216.188191,2792.685227,7.471110,10.149554,0.000429,4.073464,-0.455288,0.998717,171.000000,0.166992,80.000000,0.161774
0.207843,0.788235,0.517647,0.522576,0.013338,0.115488,0.000982,106.026779,0.936216,833.842663,0.176763,266.428541,3229.343874,7.577534,10.232285,0.000349,4.184911,-0.478467,0.999182,149.000000,0.145508,74.000000,0.164717
0.262745,0.749020,0.525490,0.530090,0.008665,0.093084,0.000982,115.378601,0.893450,543.236374,0.148471,270.089206,2057.566895,7.314446,10.211110,0.000317,4.340358,-0.413980,0.997556,153.000000,0.149414,95.000000,0.158901
0.211765,0.682353,0.517647,0.509796,0.007002,0.083678,0.001435,90.065191,0.898625,445.252959,0.217629,260.107334,1690.946646,7.120153,9.747365,0.000548,3.785395,-0.442848,0.998018,66.000000,0.064453,33.000000,0.246399
0.298039,0.792157,0.556863,0.570791,0.012373,0.111232,0.001003,129.360009,0.917701,787.288513,0.174429,290.536973,3019.794044,7.505002,10.212827,0.000331,4.307068,-0.462912,0.998927,184.000000,0.179688,89.000000,0.133373
0.368627,0.890196,0.635294,0.638327,0.011810,0.108675,0.000964,156.133690,0.896566,755.413673,0.159501,324.923477,2865.521002,7.507491,10.230282,0.000281,4.331955,-0.459767,0.998874,163.000000,0.159180,75.000000,0.153615
0.180392,0.733333,0.403922,0.428925,0.014183,0.119091,0.000882,135.553891,0.924495,899.601253,0.142302,217.966823,3462.851121,7.553968,10.342426,0.000291,4.467840,-0.460259,0.998963,203.000000,0.198242,87.000000,0.172528
0.192157,0.737255,0.501961,0.482207,0.017195,0.131130,0.000865,161.332726,0.926372,1097.300408,0.143710,245.524470,4227.868905,7.704443,10.369663,0.000294,4.506090,-0.488334,0.999382,136.000000,0.132812,67.000000,0.279657
0.152941,0.768627,0.503922,0.493336,0.016480,0.128375,0.000916,95.072174,0.954090,1039.507662,0.161260,251.107684,4062.958472,7.743101,10.305652,0.000349,4.144205,-0.504332,0.999512,142.000000,0.138672,72.000000,0.243817
0.098039,0.623529,0.364706,0.367559,0.013132,0.114594,0.000961,67.423859,0.959216,829.557341,0.170759,186.955418,3250.805506,7.592057,10.228874,0.000462,4.009139,-0.478389,0.999187,105.000000,0.102539,57.000000,0.304635
0.207843,0.654902,0.431373,0.431265,0.009502,0.097480,0.000993,112.476481,0.906033,600.193846,0.157146,219.722173,2288.298902,7.384256,10.195424,0.000381,4.259458,-0.433453,0.998220,146.000000,0.142578,63.000000,0.159719
